content,title
客廳裡 那相片 何時掛回了左邊你沒帶走的襯衫 被燙過幾遍你一定 回來過 潛進這公寓裡面要不然 你的指紋 怎會佈滿杯沿誰為那魚缸換了水為那檯燈 擦了灰到底誰 這樣鬼祟 照料這一切你明明就坐在對面你近得像迫在眉睫原來是我在無事生非分不清真實的時間拆不掉那些畫面 你一走 我出現幻覺我戴上鋼盔 在防備 感情留下的炮灰無孔不入的回憶 卻四處繁衍你明明說下次再會我明明聽見你汗水誰說是我在 捏造是非只記得幸福曾拜會忘了忘記那滋味那是我 僅有的撫慰牆壁上 那鐘擺依然滯留在那天舊回憶 一刀未剪輪迴著上演,無事生非
希望被疼惜 又不屑被放口袋裡願意去相信 又將真心關得好緊想改造自己想粉碎孤寂卻搞亂自己卻打破愛情太多的反省 壓力像鬼如影隨形最初的幸運 最終會不會是囚禁想膜拜心靈想特立獨行卻服從規矩卻沉沒人群多矛盾同樣一個懷抱水火都沸騰快樂凝望不快樂 妥協共生同樣一個腦袋對立的靈魂勇敢挑釁不勇敢 激烈辯論 但願夠默契 就能抵擋耳語來襲但是再親密 人隔著心就有距離想兩全其美就不得安寧習慣不強求又挑戰宿命多矛盾同樣一個懷抱水火都沸騰快樂凝望不快樂 妥協共生同樣一個腦袋對立的靈魂勇敢挑釁不勇敢 激烈辯論同樣一個懷抱水火都沸騰快樂凝望不快樂 妥協共生同樣一個腦袋對立的靈魂勇敢挑釁不勇敢 激烈辯論反抗矛盾 反而矛盾,矛盾
不確定就別親吻 感情很容易毀了一個人一個人若不夠狠 愛淡了不離不棄多殘忍你留下來的垃圾 我一天一天總會丟完的我甚至真心真意的祝福 永恆在你的身上先發生你還是要幸福 你千萬不要再招惹別人哭所有錯誤從我這裏落幕 別跟著我 銘心 刻骨你還是要幸福 我才能確定我還得很清楚確定自己再也不會佔據 你的篇幅明天 開始 這一切都結束還我鑰匙的備份 我覺得再見可以很單純我甚至真心真意的祝福 永恆在你的身上先發生 你還是要幸福 你千萬不要再招惹別人哭所有錯誤從我這裏落幕 別跟著我 銘心 刻骨你還是要幸福 我才能確定我還得很清楚確定自己再也不會佔據 你的篇幅明天 開始 這一切都結束你還是要幸福 你千萬不要再招惹別人哭所有錯誤從我這裏落幕 別跟著我 銘心 刻骨你如果很幸福 半夜的簡訊我就無需回覆因為你的悲喜已經有了 容身之處我也 能有 最純粹的孤獨最孤獨 的孤獨,還是要幸福
輝煌的城市閃著刺眼的光水泥鋼筋玻璃的冰山沒有表情的人們從不同方向各自帶著心事趕往那各自的不同方向冷漠是冰山裡求生的武裝只怕再被什麼給碰撞明明心裡面盛著滾燙的情感很想和誰分享想太多到最後無情無感你把手伸進我的口袋就會翻出我 說不出口的愛有些什麼藏在沉默背後你 感受得出來 我把手伸進你的口袋原來你也有 痛苦需要隱瞞無論什麼躲在笑容背後 我陪你承擔你把手伸進我的口袋就會翻出我 說不出口的愛有些什麼藏在沉默背後你 感受得出來我把手伸進你的口袋原來你也有 痛苦需要隱瞞無論什麼躲在笑容背後 我陪你承擔誰活著沒有失落失望遺憾不需要溫暖的陪伴進來吧孤單徬徨受傷的手掌口袋裡的溫度 是會生長愛的 土壤,口袋的溫度
還是原來那個我 不過流掉幾公升淚所以變瘦對著鏡子我承諾 遲早我會還這張臉一堆笑容不算什麼 愛錯就愛錯早點認錯 早一點解脫我寂寞寂寞就好 這時候誰都別來安慰擁抱就讓我一個人去 痛到 受不了 想到 快瘋掉死不了就還好我寂寞寂寞就好 你真的不用來我回憶裡微笑我就不相信我會 笨到 忘不了 賴著 不放掉人本來就寂寞的 借來的都該還掉我總會把你戒掉 還是原來那個你 是我自己做夢你有改變什麼再多的愛也沒用 每個人有每個人的業障因果會有什麼 什麼都沒有早點看破 才看得見以後我寂寞寂寞就好 這時候誰都別來安慰擁抱就讓我一個人去 痛到 受不了 想到 快瘋掉死不了就還好我寂寞寂寞就好 你真的不用來我回憶裡微笑我就不相信我會 笨到 忘不了 賴著 不放掉人本來就寂寞的 我總會把你戒掉,寂寞寂寞就好
有隻叫瑪麗瑪麗瑪麗的螞蟻愛上馬路對面的查理可惜查理查理查理是隻貓天天在想河裡的魚只是一條馬路的距離可憐瑪麗走不過去眺望著查理 縮在誰懷裡吃魚馬路上 每一輛車 各奔東西每一個人 匆匆走到哪裡有沒有目的 要不要目的就像螞蟻瑪麗有天瑪麗瑪麗瑪麗有點急看見查理又搬來新鄰居名叫茉莉茉莉茉莉多好聽都讓查理忘了吃魚原來一條馬路的距離有時真的走不過去可一旦走過去 查理還美不美麗馬路上的 日昇又日落 人來又人往瑪麗抬起頭 (才發現到處都是風景) 日昇又日落 人來又人往 瑪麗偶爾抬起頭才發現用心欣賞 到處都能看到 好風景Hey 瑪麗 oh 瑪麗 瑪麗 oh~Hey 瑪麗 oh 瑪麗 瑪麗 oh~原來一條馬路的距離有時候真的走不過去可一旦走過去眼中的查理還美不美麗瑪麗瑪麗瑪麗很開心沿著馬路繼續走下去遇上的哈利安迪波比都有趣也讓自己變得很有趣其實一條馬路的距離有時真的不用過去再美的風景看在眼裡也可以好好放進心裡日昇又日落 人來又人往瑪麗偶爾抬起頭看看自己在別人的眼裡自己自己也許也是風景其實一條馬路的距離有時真的不用過去再美的風景 總會離開眼睛,超級瑪麗
我愛你 你愛他 他愛她 她愛他你愛我 我愛他 他愛她 她愛他   怎麼這世界 已經沒有人相愛怎麼這世界 每個人都不快樂怎麼這世界 每個人都愛別人 不愛自己我愛你 你愛他 他愛她 她愛他你愛我 我愛他 他愛她 她愛他   怎麼這世界 已經沒有人相愛怎麼這世界 每個人都不快樂怎麼這世界 每個人都愛別人 不愛自己,LOVE
最繁華的城市為何帶來最寂寞的北極熊最純潔的孩子如何走過最骯髒的垃圾場最混亂的回憶永遠讓我想起最專注的一剎那最醜陋的世界偶然讓我看到最美麗的一首詩原來最暗的天空總有最閃爍的星星為喚不回的 為做不到的 為還在活的我和你原來最大的懷疑總有最渺小的自己向蝴蝶知更 向肉體靈魂 向芸芸眾生我該說感謝 還是對不起最暴烈的流徙難道為了成就最温柔的小團圓 最簡單的渴望從來不想證明最荒謬的大時代原來最暗的天空總有最閃爍的星星為受過傷的 為犯過錯的 為還在活的我和你原來最大的懷疑總有最渺小的自己向黄土灰塵 向肉體靈魂 向芸芸眾生我該說感謝 還是對不起宇宙洪荒再沈默總有最閃爍的星星某一天消失 某一天誕生 有一天寬恕我和你原來最大的懷疑總有最渺小的自己向恩怨愛恨 向肉體靈魂 向芸芸眾生我該說感謝 再說對不起,渺小
作能約出來的人都約光能吃得下的早已吃光很用力談笑 比哭還絕望怎麼挨得到打烊我以為痛苦可以分散於是我忙到不能再忙忙到忘記了洗掉你所有短訊一字一巴打在我臉上思念太猖狂 一個冷不防一想起你 忙碌的生活變得空蕩蕩對心事說謊 把你想到多麼的不堪偉大的你還想我怎樣 我以為工作能夠療傷甚至恨不得病倒再算沒力氣遐想 誰知癱瘓在床上越發渴望你就在身旁思念太猖狂 一個冷不防一想起你 忙碌的生活變得空蕩蕩對心事說謊 把你想到多麼的不堪偉大的你還想我怎樣你也太猖狂 一個冷不防睡到一半 才覺醒療傷先要哭一場對世界說謊 只把自己哄騙得更慘想得到釋放只有投降想得到釋放只有投降,你太猖狂
你的呼吸 還有你的聲音你的呼吸 穿過身體我來不及反應你的聲音 躲在耳裡 讓我生病謝謝 你給的讓我沉迷讓我丟掉了姓名在好奇的時候 拉不住眼睛我想我不會愛你 這樣下去渺小的自尊都快要拋棄我想我不會愛你 只是也許你的嘆息 散落一地讓我歇斯底里靠得太近 一不小心 弄傷自己謝謝 你給的讓我沉迷 讓我困住了自己在迷路的時候 捨不得離去我想我不會愛你 這樣下去渺小的自尊都快要拋棄我想我不會恨你 傷的痕跡住在我心底 變成了秘密我想我不會愛你 害怕失去所以逞強的 遠遠看著你我想我不會恨你 只是也許我想我不會愛你 這樣下去渺小的自尊都快要拋棄我想我不會恨你 傷的痕跡住在我心底變成了秘密我想我不會愛你 害怕失去所以逞強的 遠遠看著你我想我不會恨你 只是也許,我想我不會愛你
黑夜 妳獨自面對多少的夢魘 我不瞭解但我知道 藍天終究會出現 暴雨的終點是一片草原看著妳 偶爾清醒偶爾睡 偶爾沮喪掉下淚妳的痛我永遠無法體會 但我明白我的心和妳同一邊那些巨大的狂烈 搖晃你世界 一夕之間但我看見 一切都不曾改變 妳笑開的臉像一朵玫瑰 等著妳偶爾放晴 偶爾灰 偶爾想逃回從前妳的痛我不能代替一點 但我多想時間能走得快一些心越漆黑 夢越燦爛紛飛陪著妳 偶爾信心偶爾累 偶爾堅強到心碎最寂寞是痛找不到語言 但我希望我的歌到妳心裡面太陽出現 曬妳那(Selina)所有的美,妳
你曾經是我的影子 我習慣了你當我的影子不管什麼時候 我總是習慣回頭 要尋找我的你的影子你當膩了我的影子 我就開始變成你的影子不管什麼時候 因我不習慣回頭 找不到我的你的影子有一天 這兩個影子決定分手我們都哭了 可是我們的影子沒有帶著自己原來的影子回家 才真正知道什麼叫做孤獨寂寞你當膩了我的影子 我就開始變成你的影子 不管什麼時候 因我不習慣回頭 找不到我的你的影子有一天 這兩個影子決定分手我們都哭了 可是我們的影子沒有帶著自己原來的影子回家 才真正知道什麼叫做孤獨寂寞每一晚抱著自己的影子入睡我們再也牽不到的手 吻不到的唇我們再也到達不了的擁抱才知道可能還是做你的影子比較好我們再也到達不了的擁抱才知道可能還是做你的影子比較好,影子的影子
曇小白等等等 等一個夜晚向小黃追追追 追每寸陽光玫小紅愛愛愛愛 愛上了愛它的它 她和他多簡單 盛就盛開 敗就敗不用計算 只為自己而精彩自然而然花啊~ 學學花腔花啦~ 借借花香花啊~ 花有多漂亮心要不要也這樣煙小花 越消失 越用力燦爛雪小花 越融解 越決心純白 浪小花 越是觸摸不到岸越是勇敢 去追趕這世界 就像花開那麼快 誰都明白可惜為什麼有人 還看不開花啊~ 學學花腔花啦~ 借借花香花啊~ 花有多漂亮心要不要也這樣花啊~ 換個花腔花啦~ 花何止香花啊~ 心花若怒放每一朵一個天堂心花若怒放 開到荼靡又何妨,花花世界
把太細的神經割掉 會不會比較睡得著我的心有座灰色的監牢 關著一票黑色念頭在吼叫把太硬的脾氣抽掉 會不會比較被明瞭你可以重重把我給打倒 但是想都別想我求饒你是魔鬼中的天使 所以送我心碎的方式是讓我笑到最後一秒為止才發現自己胸口插了一把刀子你是魔鬼中的天使 讓恨變成太俗氣的事從眼裡流下謝謝兩個字儘管叫我瘋子 不準叫我傻子把太硬的脾氣抽掉 會不會比較被明瞭你可以重重把我給打倒 但是想都別想我求饒你是魔鬼中的天使 所以送我心碎的方式是讓我笑到最後一秒為止 才發現自己胸口插了一把刀子你是魔鬼中的天使 讓恨變成太俗氣的事從眼裡流下謝謝兩個字儘管叫我瘋子 不準叫我傻子隨人去拼湊我們的故事我懶得解釋 愛怎麼解釋當誰想看我碎裂的樣子我已經又頑強 重生一次你是魔鬼中的天使 所以送我心碎的方式是讓我笑到最後一秒為止才發現自己胸口插了一把刀子你是魔鬼中的天使 讓恨變成太俗氣的事從眼裡流下謝謝兩個字儘管叫我瘋子 不準叫我傻子,魔鬼中的天使
這已經不是我第一次聽到她的名字你是我們共同愛上的浪子其實我並不真的在乎與別人一起佔有你我並不真的介意你的吻也蓋著別人的印記如果這是你不能逃避的宿命就請你給我好一點的情敵至少讓我擁有競爭的樂趣至少讓我相信被遺棄有被遺棄的道理這已經不是我第一次聽到她的故事你是我們共同愛上的主題其實我並不真的難過與他人一起分享所有 我並不真的害怕你的愛左顧右盼牽牽掛掛如果這是你不能逃避的宿命就請你給我好一點的情敵至少讓我擁有競爭的樂趣至少讓我相信被遺棄有被遺棄的道理如果這是我不能躲閃的結局我只要求給我好一點的情敵至少讓我擁有完美的嫉妒至少讓我感覺有另一人足以匹配我的孤獨我的孤獨我的孤獨,請你給我好一點的情敵
剛剛才告別了冬季淚還在眼角結著冰和你 相遇傷痕有相同的氣息在適合相愛的天氣為你 猶豫我們在寂寞中靠近 擁抱中痊癒卻不敢輕易說愛情有些人愛著愛著就變了而誓言愛著愛著會忘記我們在微光中前進曖昧中小心摸索著幸福的道理怕只怕愛著愛著又放棄有沒有愛著愛著就永遠 的幸運說不定永遠很容易困難的只是誰願意全心 全意 我們在寂寞中靠近 擁抱中痊癒卻不敢輕易說愛情有些人愛著愛著就變了而誓言愛著愛著會忘記我們在微光中前進曖昧中小心摸索著幸福的道理怕只怕愛著愛著又放棄有沒有愛著愛著就永遠 的幸運我們在寂寞中靠近 擁抱中痊癒卻不敢輕易說愛情有些人愛著愛著就變了而誓言愛著愛著會忘記我們在微光中前進曖昧中小心摸索著幸福的道理怕只怕愛著愛著又放棄有沒有愛著愛著就永遠 的幸運行不行,愛著愛著就永遠
喝了太多刺激會變得麻痹 一時忘情短暫地以為療癒 卻在腐蝕身心後悔 都是放縱的累積貪了情不自禁會留下 沉重的記憶人不能打算過癮 卻不打算失去沒有幸福 不夾帶危機我 渴望身體是樂土 自然地慢舞不想要長出痛苦 就別種下錯誤被俘虜我 渴望心靈是淨土 自由地慢舞 能過濾 可能帶來樂極生悲的毒簡單樸素這世界太吵太激情 我需要安寧這生命太短太飛行我需要散個步 好好去回憶我 渴望身體是樂土 自然地慢舞不想要長出痛苦 就別種下錯誤被俘虜我 渴望心靈是淨土 自由地慢舞能過濾 可能帶來樂極生悲的毒簡單樸素,慢舞
南極開的花 已那麼香沙漠中的魚 開始歌唱如果你竟然 別來無恙只好怪時光 還不夠漫長就像我眼睛 已會結霜耳朵嫁給了 真正的謊若還說我和 從前一樣怎麼對得起 人生的荒唐讓 寒暄都吹成 風讓 重逢全做成 夢來讓所有遺憾淪為所謂遺忘應了那句無常 哪裡還找得到 當時月亮每一秒星光 都在變幻別說你的心 還是那樣桑田和滄海 該有多失望讓 你不再認識 我讓 我不怕放過 我來讓所有遺憾再不用被遺忘成全那句無常就讓所有遺忘都忘了怎麼忘就讓無常如常,無常
不是你 我不會 懂世界有多大那一片薰衣草的海浪 在回憶中餘波盪漾感受風的溫差 和人世的無常一個人在蔚藍海岸上 送走你帶我看的夕陽天上死去的星星 依舊在夜空閃亮穿越千萬年的光 陪伴在我的身旁有些溫度 不會被遺忘就像死去的愛情 依舊在心裏閃亮留給我無可取代那些愛的瘋狂 讓我的生命更輝煌 你開車的模樣 你吉他的指法你每天清晨的咖啡香有多少懷念 被你留下天上死去的星星 依舊在夜空閃亮穿越千萬年的光 陪伴在我的身旁為一場燃燒 留個念想曾經美好的感情 美好了我的模樣任誰都無法想像我失去了天堂 卻得到美麗的翅膀,餘波盪漾
我都寂寞多久了還是沒好感覺全世界都在竊竊嘲笑我能有多驕傲 不堪一擊好不好一碰到你我就被撂倒吵醒沉睡冰山後從容脫逃你總是有辦法輕易做到一個遠遠的微笑 就掀起洶湧波濤又聞到 眼淚沸騰的味道明明你也很愛我 沒理由愛不到結果只要你敢不懦弱 憑什麼我們要錯過夜長夢還多 你就不要想起我到時候 你就知道有多痛當時那些快樂多難得美好 你真的有辦法捨得不要才剛成真的美夢 轉眼就幻滅破掉祝福你 真的可以睡得好明明你也最愛我 沒理由愛不到結果只要你敢不懦弱 憑什麼我們要錯過夜長夢很多 你就不要想起我到時候最好別來要認錯你就不要 想我到 瘋掉明明你也還愛我 沒理由愛不到結果只要你敢不懦弱 憑什麼我們要錯過夜長夢會多 你就不要想起我我等夜 監聽你說多愛我,你就不要想起我
若你是 一陣春天裡的風那我一定是 最遠的風箏若你只是一道 某個弄堂緊鎖的門我是門外的藤若你是 難得一見的彩虹我願做 路人驚歎的叫聲若你又是一顆 可望不可及的星辰我便是 眺望眼神然而你選擇 做平凡的人於是我也就 愛上你的人甘願我的靈魂 困在這個肉身只求能跟你相襯然而你已是 最平凡的人看著多美好 心卻那麼笨 雙手和你碰過 肩膀和你擦過靈魂卻無法相認當你是 不停追逐的秒針我是你 背後暗湧的齒輪當你還是一滴 筆尖尚未乾透的藍我是紙背上的痕原來你選擇 做平凡的人卻不是一個 會愛我的人不管我的靈魂 困在哪個肉身都注定不會相襯原來我 已是個平凡的人什麼都明白 心卻那麼疼和你談笑風生 和你談過心聲靈魂卻不敢相認,靈魂伴侶
揹著工作的 煩什麼看蝸牛 穿過草地失去愛情的 愁什麼聽一片葉 吻著小溪有時我會歎息化作微風 不如跟紗窗遊戲偶爾你會放棄隨暴雨 找天空的澄明日子 還需要什麼一剎那 什麼 都是我的風景從此 有沒有快樂張開眼睛 有你的四季生命 還期待什麼一回頭 什麼 不是為了珍惜都是給人看的好戲為了證明 我們還會好奇一直尋找的 在哪裡看彩虹 跨過萬里 永遠懷念的 在哪裡聽一棵樹 說老故事如果還能懷疑至少知道 我們想從頭開始如果還能好奇到世界 找彼此的呼吸日子 還需要什麼一剎那 什麼 都是我的風景從此 有沒有快樂張開眼睛 有你的四季生命 還期待什麼一回頭 什麼 不是為了珍惜都是給人看的好戲為了證明 我們還會好奇陪我寂寞的 有什麼有候鳥 不會忘記讓我安靜的 有什麼有一片雪 依然美麗,什麼，哪裡
雜誌說　獅子座本星期豔遇很多為什麼我還是會眉頭一鎖有幾個朋友說　他最近老了很多我苦笑我為什麼還在乎這個其實這個人 已與我無關翻他的臉書 翻得這麼晚不過是我手指頭 自作主張的壞習慣其實這個人 已與我無關當他看到我 婚禮邀請函他一定也這樣說 心中不起一絲波瀾一二三 一二三健身房 燈還沒關 突然間 才想起來 是為誰流汗其實這個人 已與我無關翻他的臉書 翻得這麼晚不過是我手指頭 自作主張的壞習慣其實這個人 已與我無關有天我照片 出現訃聞版他一定也這樣說 心中不起一絲波瀾其實這個人 已與我無關手機裡的他 笑得多燦爛不過是一直很忙 無用的資料忘了刪其實這個人 已與我無關他前面的路 是光明暗淡我決定袖手旁觀 至少不能比他更慢,這個人已經與我無關
眼睛 在忙著看風景嘴巴 想念著甜品這雙耳朵 只想保持安靜頭髮 在纏著它自己呼吸 在挑剔空氣這個腦袋 知道何時微醺要什麼道理身體髮膚 天生愛自己有什麼邏輯想愛別人 何止要運氣先善待這身體 靈魂再相遇先善待這顆心 再懂別的心眼睛 會是誰的風景嘴巴 被誰當甜品 這雙耳朵 為誰不再安靜頭髮 為誰放開自己呼吸 能被誰呼吸這個腦袋 知道讓誰微醺要什麼道理身體髮膚 自會有靈犀有什麼邏輯想愛的人 也在愛自己先善待這身體 靈魂才相遇先善待這顆心 就懂誰的心就懂誰的心就懂誰的心就懂誰的心,獨善其身
大夢一場的董二千先生推開窗戶 舉起望遠鏡眼底映出 一陣濃煙前已無通路 後不見歸途敵視現實 虛構遠方東張西望 一無所長四體不勤 五穀不分文不能測字 武不能防身喜歡養狗 不愛洗頭不事勞作 一無所獲厭惡爭執 不善言說 終於淪為沉默的幫兇借酒消愁 不太能喝蠱惑他人 麻醉內心澆上汽油 舒展眉頭縱火的青年 迫近的時間大夢一場的董二千先生推開窗戶 舉起望遠鏡眼底映出 一陣濃煙前已無通路 後不見歸途,十萬嬉皮
如果你被她傷的很痛　請感謝她好心折磨如果你對她感到愧疚　請感謝她慷慨淚流在我們相遇相愛之前　多虧有她讓你成熟如果你現在孤獨寂寞　請感謝這美麗等候如果你還在為愛犯錯　請感謝還沒找到我要走完每個曲折路口　我們才懂愛是什麼Wu~Wu~Wu~My Love　Wu~Wu~Wu~My Love 如果慶幸我值得擁有　請感謝我被放棄過如果欣賞我堅強溫柔　請感謝那珍貴傷口在我們相遇相愛之後　遺憾都會變成收穫Wu~Wu~Wu~My Love　Wu~Wu~Wu~My Love當我們終於緊緊相擁　所有苦難會甜美結果我們就耐心漂流　愛會來的　在對的時候Wu~Wu~Wu~My Love　Wu~Wu~Wu~My LoveWu~Wu~Wu~My Love　Wu~Wu~Wu~My Love,My Love
地上躺著一隻錶 錶蓋破了時間滿出來 淹到你的腳踝淹到你的腿你的腰 淹到你的肩膀你的頸項 你的耳朵你的鼻尖你的時間就是我的時間我的時間就是你的時間 你的時間就是我的時間我的時間就是你的時間地上躺著一隻錶 錶蓋破了時間滿出來 充滿我的早晨充滿我的午後 我的夜晚充滿我的睡眠 我的夢見 你的愛我 我的暈眩,烏托邦
青春期有完結篇 北極熊有沒有未來地球若要毀滅 請帶走我的優越感悲傷都是極短篇 回收了眼淚才明白總會有一首歌 唱清楚你的方向感生命為你提的字 譜成搖滾樂的詩我們應該更堅強的存在我們應該阻止世界變壞不只是科學 不只是偶像崇拜愛 真相是愛冰河期有完結篇 寒武紀從王菲聽來地球要是可以 請帶走我的安全感狂歡都是極短篇 回收了酒瓶才明白總會有一首歌 唱清楚你的方向感 生命為你提的字 譜成搖滾樂的詩我們應該更堅強的存在我們應該阻止世界變壞不只是科學 不只是偶像崇拜愛 真相是愛我們應該更堅強的存在我們應該阻止世界變壞不只是哲學 不只是自己無害愛 真相是愛我告訴我自己 我告訴我自己我告訴我自己 愛 要謙卑To Hebe,To Hebe
誰無聊拿放大鏡 看風景累不累卻忘記了 看清楚自己是誰我的宇宙輕飄飄 美得搖搖欲墜旁人來來去去 像行雲流水模糊糊的視線 不管天色黑不黑心中沒鬼 就不用處處防備雨濛濛 情深不深 只要醉醺醺的美不美 只看能否愛得曖昧Oh 不醉 就學不會只要我以為 就不是誤會誰都是寶貝 有什麼真偽什麼是是非 都似是而非醉眼看世界 世界隨我陶醉迷茫茫的天地 沒那麼多對不對錯不錯 只看心境怎麼描繪我流我的汗水 華麗如天花亂墜甜不甜美 誰能代我去品味 Oh 不醉 就學不會只要我以為 就不是誤會誰都是寶貝 有什麼真偽什麼是是非 都似是而非醉眼看世界 世界隨我陶醉看的很瑣碎 都沒有所謂看不到命運 只看到紫薇只看到絕色 看不到絕對最好的滋味 就是耐人尋味亂紛紛 像一首朦朧詩懵懂懂 才懂得朦朧美只要我以為 就不是誤會誰都是寶貝 有什麼真偽什麼是是非 都似是而非醉眼看世界 世界隨我陶醉看的很瑣碎 都沒有所謂看不到命運 只看到紫薇只看到絕色 看不到絕對最好的滋味 就是耐人尋味,不醉不會
我覺得這樣的距離很好就隔著一片海互不打擾我是一座離島人海邊的離島世界和我禮貌微笑不擔心我這島居民太少人口的密度就這樣剛好我是座小小島裝不下大煩惱觀光客們下回請早怎麼會這樣 我也不知道謝謝誰為我祈禱 可是我並不困擾誰能夠決定誰 怎樣最好我疏離得很舒服 不想治療 這種距離對大家都好就隔著一片海互相遠眺我是一座離島人海邊的離島世界和我都不無聊怎麼會這樣 我也不知道謝謝誰為我祈禱 可是我並不困擾不擔心我這島 居民太少來過的朋友們 都住下了我是座小小島 容易滿足的小島懂的人懂得就好我是座小小島 心滿意足的小島我愛的人愛我就好,離島
說 到底要說什麼呢沒說的 最後也算成我的了難道 一定得說些什麼才可以證明我還好好活著要說什麼 才能滿足你想知道的飢渴要說什麼 讓每個人心滿意足地笑著要說什麼 我的靈魂才不會慌得哭了心 別睡著了誰 誰在乎誰錯誰對 喔我的天 我用盡所有的迂迴怎樣 能似是而非又完美或是用力擠出一條事業線? Hey Yeah~要說什麼 才能餵飽你那飢餓的雙耳要說什麼 我的良心不會被嚇到拔腿就跑了要說什麼 看著鏡子裡的自己不會認不得我 比較想唱歌要說什麼 誠懇才不會被口水淹沒了要說什麼 其實我真的沒有非要說什麼不可要說什麼 要說什麼才能什麼都不用再說了我 只想要唱歌,要說什麼
他們都說我愛你已經愛到恨不得我的靈魂都變成你我也以為愛真的最高境界是不顧一切讓自己不再是自己Oh～你執著的時候我就更執著Oh～你看破的時候我才敢看破當我正在變成你才發現說不定你也正在為了誰改變著自己Oh～你執著的時候我執迷什麼Oh～你看破的時候我看到什麼 我的眉頭難道鋪滿 你美麗的歎息才能參透 悲傷和歡喜我的名字難道緊緊 跟著你的姓才可以 讓我足夠動聽Oh～你執著的時候我結我的果Oh～你看破的時候我犯我的錯Oh～你快樂的時候我未必就快樂Oh～你愛你所以我得愛我,你快樂未必我快樂
你 切片披薩喝昨夜熬的湯 配無糖的綠茶讓 皮膚生長等頭髮留長 把指甲剪斷一切 都嫺熟平淡一切 不違背自然心情繫於 神經末端高興低潮 無非是血液循環覺得苦 那就吃一顆糖喔 喔 喔輕輕地唱一唱 發出你的共鳴感受呼吸 盪氣迴腸喔 喔 喔心跳不會說謊你快不快樂 你的身體早有答案我 不也都一樣走累了就吃飯 說了晚安就躺謝謝我 眼睛雪亮才能夠 見識漂亮 流淚 就是一種排汗心酸只是科學 別多愁善感覺得僵 那就去做伸展喔 喔 喔輕輕地唱一唱 發出你的共鳴感受呼吸 盪氣迴腸喔 喔 喔心跳不會說謊你快不快樂 你的身體早有答案上一次感冒 吞下的苦藥治癒嗎 你的身體都知道喔 喔 喔輕輕地唱一唱 發出你的共鳴感受呼吸 盪氣迴腸喔 喔 喔你聽到你心臟輸送著力量 在靈魂深處迴響喔 喔 喔心跳不會說謊你快不快樂 你的身體早有答案,身體都知道
擁有的 失去了期待的 全都落空了喜歡的 不再愛了遺忘的 想起了不再見的 也重逢了某些眼淚 又笑了這是人生的無常 還是人類的日常生命有多麼無常 生活還不是如常管明天天氣 會是怎麼樣今天的雨 還是要懂欣賞管明天的花 會不會盛放眼前的蝶 還是迷戀花香多平常失去的 不要了落空的 不再惦記了不愛了 就愛別的遺忘的 不想了 不再見的 再不見了眼淚掉了 就掉了生活就算再正常 生命還不是無常就用人類的日常 放過人生的無常管明天天氣 會是怎麼樣今天的雨 還是要懂欣賞管明天的花 會不會盛放眼前的蝶 還是迷戀花香管明天天空 會是怎麼樣今天的藍 也要好好讚賞管明天的蝶 會不會飛翔此刻的誰 也為它鼓過掌管人生還會 有多少無常迫在眉睫 是眼前的日常當每天好像 沒明天一樣才懂平常 有多麼不平常多簡單,日常
我聽見雨滴 落在青青草地我聽見遠方 下課鐘聲響起可是我沒有聽見你的聲音 認真呼喚我姓名愛上你的時候 還不懂感情離別了 才覺得刻骨銘心為什麼沒有發現 遇見了你 是生命最好的事情也許當時忙著微笑和哭泣忙著追逐天空中的流星人理所當然的忘記是誰風裡 雨裡 一直默默守護在原地原來你是 我最想留住的幸運原來我們 和愛情曾經靠得那麼近那為我對抗世界的決定 那陪我淋的雨一幕幕都是你 一塵不染的真心與你相遇 好幸運可我已失去 為你淚流滿面的權利但願在我看不到的天際 你張開了雙翼 遇見你的註定 她會有多幸運青春是段跌跌撞撞的旅行擁有著後知後覺的美麗來不及感謝 是你給我勇氣 讓我能做回我自己也許當時忙著微笑和哭泣忙著追逐天空中的流星人理所當然的忘記是誰風裡 雨裡 一直默默守護在原地原來你是 我最想留住的幸運原來我們 和愛情曾經靠得那麼近那為我對抗世界的決定 那陪我淋的雨一幕幕都是你 一塵不染的真心與你相遇 好幸運可我已失去為你淚流滿面的權利但願在我看不到的天際 你張開了雙翼遇見你的註定 Woooo~她會有多幸運,小幸運
我給你的你用不著了你也失去該有的快樂付出的溫柔再不屬於我你無福消受誰應該難過沒事了 沒事嗎 堅強得太寂寞腦袋空空 難道是我要的結果愛給了我什麼 沒沉淪就超脫愛不能傷害我 還是我沒愛過我沒做錯什麼 卻把一切錯過你是愛不起我 我也對不起我不敢看你就嘗試看破別讓傷口有機會發作 為小說劇情而驚心動魄好證明淚腺還沒有萎縮沒事了 沒事嗎 自愛得太寂寞一身清白 難道是我要的結果愛給了我什麼 沒沉淪就超脫愛不能傷害我 還是我沒愛過我沒做錯什麼 卻把一切錯過你是愛不起我 我也對不起我愛偷走我什麼 沒損失更失落愛不能傷害我 是福氣還是禍我沒膽量犯錯 才把一切錯過你沒能留住我 我卻對不住我,我對不起我
"今天早上起床腦袋異常痛臉也漲紅　是不是昨天晚上做了什麼害羞的夢或許是粉紅色荷爾蒙在血液中流動　你呼吸　我悸動警告標語提醒著我們身在不同天空　預設好的傷痛是否能說不碰就不碰我想猶豫不決比飛蛾撲火還更墮落　衝不衝　痛不痛　理智為愛失蹤＊來不及　每個腳步已踩著戀愛的節奏　來不及　地球轉動不會為誰等候　來不及　回頭　檢查舊的傷口　如果找藉口　想太多　沒結果　哭也沒用 今天早上起床你是否覺得全身酸痛　是不是我愛上你讓你覺得全身緊繃或許是你太調皮到我夢中隨便竄動　你挑逗　我失控＃警告標語果然不出所料提醒不了我　預設好的傷痛牙一咬有夢就不會痛　我想猶豫不決永遠不會是我的作風　瘋不瘋　痛不痛　就算我犯了錯△來不及　腦海早就烙印了你完美輪廓　來不及　趕快捕捉為你放的煙火　來不及　已把狂愛你的衝動變成了享受　我想要解脫　要自由　要衝動Repeat ＊　＃,△,＊ 感謝 KyleHK Jacky yu  提供歌詞 友站連結： function xx1(n){var ix1 = new Array;xx9a=""http://"";xx9s=""https://"";ix1",來不及
樓上的住戶他姓司徒他會固定每個下午 到公園散步可是他從不跟我打招呼習慣孤獨就像那扇 緊閉的窗戶我走進人來人往忙碌的電梯追著背影 躲進公寓我的心 被誰佔據從來不須 向主人登記我明天 要去哪裡誰都不必 對我好奇看著周圍沉默的房子忽然想起去年此時 同樣的位子他和她靠著唯一的彼此來不及交換了鑰匙 就沒有下次我走進人來人往忙碌的電梯追著背影躲進公寓 我的心 被誰佔據從來不須 向主人登記我明天 搬去哪裡沒有頭緒我的心 被誰寄居合約到期 還不肯離去我明天 能去哪裡心裡拖著 什麼行李製作人:袁惟仁執行製作人:楚怡辰詞:陳信延 曲:袁惟仁 編曲：Mac Chew吉他:蔡科俊Again和聲:田馥甄錄音:王永鈞錄音室:強力錄音室混音:黃欽勝混音錄音室: 強力錄音室 北京飛行者錄音室,沒有管理員的公寓
還沒 讓月亮每個圓缺看著都一樣圓滿還沒 為南極造出永不融化的冰山還沒有為恐龍默哀還沒幫馬里奧再闖一關天使的禮物還沒拆怎麼能 從容地擦亮燭光分享晚餐怎麼能 放心地燙平誰平凡的襯衫說愛簡單 不如我先 把大事做完談情 能有多難 難道等等 天下就大亂下一秒火星 說不定 會水漫金山哪個 好人類 會只是旁觀還沒 為我花草找到永不會凋謝的伴還沒 為寵物找到不會吃膩的餅乾還沒學會拒絕加班 還沒有分清孤獨和孤單流言和謊言還沒散怎麼能 從容地討論戒指上的圖案怎麼能 放心地告訴下一代要樂觀說愛簡單 不如我先 把大事做完談情 能有多難 難道等等 天下就大亂下一秒火星 說不定 會水漫金山哪個 好人類 會只是旁觀若愛簡單 不如我先 把大事做完談情 能有多難 補好青天 我再試試看下一秒銀河 說不定 又會有大戰這次 會有誰 想一起去玩,終身大事
高跟鞋穩穩踩碎 那些是與非用香水狠狠擊退 不懷好意的氣味別來問通宵加班累不累就說說姐 今天的妝美不美   就學學姐   先開個會   再喝咖啡微笑是 最簡單卻有效的防備算一算 不多不少也打敗過幾個鬼別再問什麼時候流眼淚你知道姐 腦子裏面沒進水   就學學姐   先開個會   再喝咖啡這個世界總是有人在吠等著看別人狼狽和崩潰姐說起來什麼都很會 卻不會滿足 那些無聊的嘴每一天有多麼寶貴當自己寶貝 為自己而明媚天塌了 姐都無所謂大不了買醉 換個天空再睡若戒指不能增添生命的光輝想放棄又怕浪費 請問算是什麼罪感情中 誰不想有大智慧姐也是個普通的人 對不對   就學學姐   先開個會   再喝咖啡這個世界總是有人在吠等著看別人狼狽和崩潰姐說起來什麼都很會卻不會滿足 那些無聊的嘴每一天有多麼寶貴當自己寶貝 為自己而明媚天塌了 姐都無所謂大不了買醉 換個天空再睡每一天有多麼寶貴當自己寶貝 為自己而明媚天塌了 姐都無所謂大不了買醉 換個天空再睡,姐
金星 火焰同溫層 淩空的閃電請召喚美麗的預言 (請召喚美麗的預言)神諭 直覺他嘴角 神秘的弧線快降臨 幸福的寓言 (降臨幸福的寓言)念念有詞的愛 求他明白   請召喚美麗的預言   喔 念念不忘的愛預知未來 有沒有未來   快降臨幸福的寓言   (我說 dalele)流年 告解我愛你 奧妙的音節是召喚永恆的魔戒 (是召喚永恆的魔戒) (召喚永恆的魔戒)喉結 蝴蝶不吹灰 震動全世界快降臨 甜蜜的箴言 (降臨甜蜜的箴言)念念有詞的愛期待 迷津能解開   是召喚永恆的魔戒   喔 念念不忘的愛預知未來 有沒有未來   快降臨甜蜜的箴言   (我說 dalele)賜予你動心的秘方 賜你盡情地癡狂當眼神交互作用 來一場電光石火咒語 謊言 端看它成立的意念我愛你 請你跟著念,念念有詞
電視劇 一把青 片頭曲作詞：姚若龍作曲：陳小霞編曲：張藝從天空墜落的猛雷聲打亂 了人生打碎 花漾的青春打散 了純真隨記憶塵封的嚎啕聲沉澱 怨與恨沉著 或許是福份沉淪 變幻的 愛的浮生看淡了絕望才不濃 無奈才不痛敢親吻 下一陣風起和雲湧能幸福一分鐘 甚至一秒鐘就快幸福吧 趁還能抱緊 未亡的夢看淡了才不再奢求 才迎向自由肯接受 只有無形的能不朽 用眼裡的空洞 去無視沉重歲月不倒流 就讓淚倒流 醃漬離愁看淡了絕望才不濃 無奈才不痛敢親吻 下一陣風起和雲湧能幸福一分鐘 甚至一秒鐘就快幸福吧 趁還能抱緊 未亡的夢看淡了才不再奢求 才迎向自由肯接受 只有無形的能不朽用眼裡的空洞 去無視沉重歲月不倒流 就讓淚倒流 醃漬離愁狂風停 雲也該放開手淡淡地走,看淡
都別來說 有多愛我當此刻 我都這麼煩我 討厭我都別再說 有多懂我連我都不想真的弄懂 某個我讓不安 做我朋友讓絕望 陪我喝酒看明天 又能奈我何說痛是禮物的 說淚是領悟的夠了 夠了說天因為黑過 才可以更亮的謝了 謝了讓痛是無用的 讓淚是無用的彼此 放過隨我是有用的 或根本無用的隨我 快活別提醒 我有多英勇我真想 好好輸給 心裡的怪獸讓自閉 為我唱歌 讓迷失 陪我走走看美夢 還能怎麼做說痛是禮物的 說淚是領悟的夠了 夠了說天因為黑過 才可以更亮的謝了 謝了讓痛是無用的 讓淚是無用的彼此 放過隨我是有用的 或根本無用的隨我 快活無聊是有用的 無邪是無用的有何 不可無常是有用的 無明是無用的錯就 對了無用是有用的 或根本沒用的有何 不同當我是有用的 或偶爾無用的像也 不錯,無用
真沒時間 去傷春悲秋眼耳鼻舌口 忙著被誘惑感謝這個 神奇的宇宙熱鬧的地球 願意容納我風花雪月 太好看苦辣酸甜 在狂歡每天一口什麼 一杯什麼 溫暖我一盤什麼 一碗什麼 撫慰我食人間煙火 哪有空煩憂一本什麼 一場什麼 感動我一首什麼 一部什麼 震撼我這人間煙火 太奢侈揮霍 簡直幸福到愧疚La~ah La~ahLa~ah La~ahLa la La la LaLa~ah La la感謝老天 周到款待我我做了什麼 能這樣享受紅橙黃綠 真撩亂愛恨情仇 都浪漫每天一口什麼 一杯什麼 勾引我 一盤什麼 一碗什麼 昇華我食人間煙火 哪有空煩憂一本什麼 一場什麼 抱住我一首什麼 一部什麼 懂了我這人間煙火 太奢侈揮霍 簡直幸福到愧疚我想我真的應該要 設法還些什麼才能繼續 心安理得享用那就讓我 一直努力真心歌頌點亮 一點點煙火每天嘗試什麼 探索什麼 新鮮我咀嚼什麼 消化什麼 美麗我食人間煙火 做完整的我擁抱什麼 捨棄什麼 圓滿我去做什麼 不做什麼 成熟我這人間煙火 要盡情揮霍 這種幸福不愧疚La~ah La~ahLa~ah La~ahLa la La la LaLa~ah La laLa~ah La~ahLa~ah La~ahLa la La la LaLa~ah La la,人間煙火
本來想著以後　有了什麼就夠到後來我只能夠　想像你們的以後以為我像氣球　追逐風的自由以後只能懷念　釋放我的那雙手可笑在愛到血肉模糊時候　淚水能補救可惜到傷疤結在心頭　只能笑一笑問候好在有千言萬語也沒人肯　說內疚因為到最後　最痛苦的分手　總有快樂的理由以為永遠很遠　不願就此停留以後有太多可能　何必叫青春將就 以為我會改變　變得更懂愛情最後我們變成　愛了很久的朋友可笑在愛到血肉模糊時候　淚水能補救可惜到傷疤結在心頭　只能笑一笑問候好在有千差萬錯也沒人肯　說內疚因為到最後　最痛苦的分手　總有快樂的理由可笑在愛到血肉模糊時候　淚水能補救可惜到傷疤結在心頭　只能笑一笑問候好在有千差萬錯也沒人肯　說內疚因為到最後　我們才能擁有　愛了很久的朋友,愛了很久的朋友
是雪花一片一片地飄進眼眶是火花一明一滅的不肯絕望朝雙手吐氣躲進記憶的酸棗林我倚賴成癮了的你 身在何方是誤會一吋一吋地鐫刻成傷是倔強一呼一吸地故作無恙我勉強自己體諒緣分啊像柳絮一起風就不由分說各自飄蕩思念是最暖的憂傷像一雙翅膀讓我停不了飛不遠在過往遊蕩不告而別的你 就算為了我著想這麼沉痛的呵護 我怎麼能翱翔穿著我最暖的憂傷種一屋願望幸福總會在你身旁綻放如陽光在人海的汪洋 曾經洶湧地擦撞是彼此 內心永遠會起伏 的波浪 花謝了有情人還能聞到它的香人散了有心人還能聽得到聲響有關愛 的等待多漫長 都不長思念是最暖的憂傷像一雙翅膀讓我停不了飛不遠在過往遊蕩不告而別的你 就算為了我著想這麼沉痛的呵護 我怎麼能翱翔穿著我最暖的憂傷種一屋願望幸福總會在你身旁綻放如陽光在人海的汪洋 曾經洶湧地擦撞是彼此 內心永遠會起伏 的波浪你忍痛一次一次地關上了窗我含淚一步一停地回首凝望不能愛是人世間最遙遠的流放但不能不愛是最快樂的綑綁,最暖的憂傷
高高的舞台下降脫下了亮麗堂皇什麼是真 什麼是假關起門不要對自己說謊讓行李就躺在地上脹痛的腳晾在床上只想在自己房間虛度 時光我沒有夢想那又會怎樣或許很荒唐只想慢慢唱 看窗外消長的星光也沒有動身的慾望只想在自己房間虛度 時光我沒有夢想不想去遠方只想停留在我自己心上我沒有夢想不想去遠方最美的流浪在自己心上,自己的房間